airoport_arrivee,airoport_depart,compagnies,heure_arrivee,heure_depart,heure_vol,last_updated,price,ranking,time,vol
MRS Gare de Marseille-Saint-Charles,PAR Marne-la-Vallée - Chessy,SNCF,10:24,07:13,3h 11min,,13 €,[1],2021-09-14T09:07:21.229754,0 changement
MRS Marseille-Provence,ORY Paris-Orly,Transavia France,17:25,11:50,5h 35min,,95 €,[2],2021-09-14T09:07:21.246756,1 escale
MRS Marseille-Provence,ORY Paris-Orly,Air France,10:45,09:30,1h 15min,,112 €,[3],2021-09-14T09:07:21.261778,direct
MRS Marseille-Provence,ORY Paris-Orly,Air France,17:45,16:30,1h 15min,,112 €,[4],2021-09-14T09:07:21.277760,direct
MRS Marseille-Provence,ORY Paris-Orly,Air France,07:50,06:30,1h 20min,,112 €,[5],2021-09-14T09:07:21.293759,direct
MRS Marseille-Provence,ORY Paris-Orly,Air France,16:50,15:30,1h 20min,,112 €,[6],2021-09-14T09:07:21.313758,direct
MRS Marseille-Provence,ORY Paris-Orly,Air France,14:50,13:30,1h 20min,,112 €,[7],2021-09-14T09:07:21.339280,direct
MRS Marseille-Provence,ORY Paris-Orly,Air France,21:50,20:30,1h 20min,,112 €,[8],2021-09-14T09:07:21.367788,direct
MRS Marseille-Provence,ORY Paris-Orly,Air France,11:50,10:30,1h 20min,,112 €,[9],2021-09-14T09:07:21.403789,direct
MRS Marseille-Provence,CDG Charles-de-Gaulle,Air France,21:35,15:35,6h 00min,,119 €,[10],2021-09-14T09:07:21.427803,1 escale
MRS Marseille-Provence,CDG Charles-de-Gaulle,Air France,22:55,21:30,1h 25min,,120 €,[11],2021-09-14T09:07:21.455809,direct
MRS Marseille-Provence,CDG Charles-de-Gaulle,Air France,14:25,13:00,1h 25min,,133 €,[12],2021-09-14T09:07:21.477808,direct
MRS Marseille-Provence,CDG Charles-de-Gaulle,Air France,10:45,09:20,1h 25min,,133 €,[13],2021-09-14T09:07:21.500805,direct
MRS Marseille-Provence,ORY Paris-Orly,Transavia France,23:10,18:35,4h 35min,,135 €,[14],2021-09-14T09:07:21.517806,1 escale
MRS Marseille-Provence,ORY Paris-Orly,Vueling,12:40,06:45,5h 55min,,138 €,[15],2021-09-14T09:07:21.567007,1 escale
