[
{"ranking": [1], "compagnies": ["SNCF"], "heure_depart": ["07:13"], "heure_arrivee": ["10:24"], "airoport_depart": ["PAR Marne-la-Vall\u00e9e - Chessy"], "airoport_arrivee": ["MRS Gare de Marseille-Saint-Charles"], "vol": ["0 changement"], "heure_vol": ["3h 11min"], "price": ["13 \u20ac"], "time": ["2021-09-14T09:07:10.160983"]},
{"ranking": [2], "compagnies": ["Transavia France"], "heure_depart": ["11:50"], "heure_arrivee": ["17:25"], "airoport_depart": ["ORY Paris-Orly"], "airoport_arrivee": ["MRS Marseille-Provence"], "vol": ["1 escale"], "heure_vol": ["5h 35min"], "price": ["95 \u20ac"], "time": ["2021-09-14T09:07:10.178198"]},
{"ranking": [3], "compagnies": ["Air France"], "heure_depart": ["09:30"], "heure_arrivee": ["10:45"], "airoport_depart": ["ORY Paris-Orly"], "airoport_arrivee": ["MRS Marseille-Provence"], "vol": ["direct"], "heure_vol": ["1h 15min"], "price": ["112 \u20ac"], "time": ["2021-09-14T09:07:10.195706"]},
{"ranking": [4], "compagnies": ["Air France"], "heure_depart": ["16:30"], "heure_arrivee": ["17:45"], "airoport_depart": ["ORY Paris-Orly"], "airoport_arrivee": ["MRS Marseille-Provence"], "vol": ["direct"], "heure_vol": ["1h 15min"], "price": ["112 \u20ac"], "time": ["2021-09-14T09:07:10.212745"]},
{"ranking": [5], "compagnies": ["Air France"], "heure_depart": ["06:30"], "heure_arrivee": ["07:50"], "airoport_depart": ["ORY Paris-Orly"], "airoport_arrivee": ["MRS Marseille-Provence"], "vol": ["direct"], "heure_vol": ["1h 20min"], "price": ["112 \u20ac"], "time": ["2021-09-14T09:07:10.230745"]},
{"ranking": [6], "compagnies": ["Air France"], "heure_depart": ["15:30"], "heure_arrivee": ["16:50"], "airoport_depart": ["ORY Paris-Orly"], "airoport_arrivee": ["MRS Marseille-Provence"], "vol": ["direct"], "heure_vol": ["1h 20min"], "price": ["112 \u20ac"], "time": ["2021-09-14T09:07:10.247758"]},
{"ranking": [7], "compagnies": ["Air France"], "heure_depart": ["13:30"], "heure_arrivee": ["14:50"], "airoport_depart": ["ORY Paris-Orly"], "airoport_arrivee": ["MRS Marseille-Provence"], "vol": ["direct"], "heure_vol": ["1h 20min"], "price": ["112 \u20ac"], "time": ["2021-09-14T09:07:10.263745"]},
{"ranking": [8], "compagnies": ["Air France"], "heure_depart": ["20:30"], "heure_arrivee": ["21:50"], "airoport_depart": ["ORY Paris-Orly"], "airoport_arrivee": ["MRS Marseille-Provence"], "vol": ["direct"], "heure_vol": ["1h 20min"], "price": ["112 \u20ac"], "time": ["2021-09-14T09:07:10.279761"]},
{"ranking": [9], "compagnies": ["Air France"], "heure_depart": ["10:30"], "heure_arrivee": ["11:50"], "airoport_depart": ["ORY Paris-Orly"], "airoport_arrivee": ["MRS Marseille-Provence"], "vol": ["direct"], "heure_vol": ["1h 20min"], "price": ["112 \u20ac"], "time": ["2021-09-14T09:07:10.296772"]},
{"ranking": [10], "compagnies": ["Air France"], "heure_depart": ["15:35"], "heure_arrivee": ["21:35"], "airoport_depart": ["CDG Charles-de-Gaulle"], "airoport_arrivee": ["MRS Marseille-Provence"], "vol": ["1 escale"], "heure_vol": ["6h 00min"], "price": ["119 \u20ac"], "time": ["2021-09-14T09:07:10.309786"]},
{"ranking": [11], "compagnies": ["Air France"], "heure_depart": ["21:30"], "heure_arrivee": ["22:55"], "airoport_depart": ["CDG Charles-de-Gaulle"], "airoport_arrivee": ["MRS Marseille-Provence"], "vol": ["direct"], "heure_vol": ["1h 25min"], "price": ["120 \u20ac"], "time": ["2021-09-14T09:07:10.326777"]},
{"ranking": [12], "compagnies": ["Air France"], "heure_depart": ["13:00"], "heure_arrivee": ["14:25"], "airoport_depart": ["CDG Charles-de-Gaulle"], "airoport_arrivee": ["MRS Marseille-Provence"], "vol": ["direct"], "heure_vol": ["1h 25min"], "price": ["133 \u20ac"], "time": ["2021-09-14T09:07:10.343777"]},
{"ranking": [13], "compagnies": ["Air France"], "heure_depart": ["09:20"], "heure_arrivee": ["10:45"], "airoport_depart": ["CDG Charles-de-Gaulle"], "airoport_arrivee": ["MRS Marseille-Provence"], "vol": ["direct"], "heure_vol": ["1h 25min"], "price": ["133 \u20ac"], "time": ["2021-09-14T09:07:10.359777"]},
{"ranking": [14], "compagnies": ["Transavia France"], "heure_depart": ["18:35"], "heure_arrivee": ["23:10"], "airoport_depart": ["ORY Paris-Orly"], "airoport_arrivee": ["MRS Marseille-Provence"], "vol": ["1 escale"], "heure_vol": ["4h 35min"], "price": ["135 \u20ac"], "time": ["2021-09-14T09:07:10.370777"]},
{"ranking": [15], "compagnies": ["Vueling"], "heure_depart": ["06:45"], "heure_arrivee": ["12:40"], "airoport_depart": ["ORY Paris-Orly"], "airoport_arrivee": ["MRS Marseille-Provence"], "vol": ["1 escale"], "heure_vol": ["5h 55min"], "price": ["138 \u20ac"], "time": ["2021-09-14T09:07:10.384795"]}
]